cid,std_smiles,CompRate_ylog,dG_MD_ylog,MolWeight,nbAtoms,nbHeavyAtoms,nbRing,nbRotBd,nbHBdAcc,ndHBdDon,TopoPolSurfAir,MolarRefract,CombDipolPolariz,LogP_pred,MP_pred,BP_pred,LogVP_pred,LogWS_pred,LogHL_pred,RT_pred,LogKOA_pred,ionization,pKa_b_pred,LogD55_pred,LogD74_pred,LogOH_pred,nbNring,pKa_b_pred_divN,pKa_b_pred_multN,frac_OS_N,pKa_b_pred_div_O_S,frac_N,frac_OS_atoms,frac_ring_N,frac_Nring_atoms,frac_ring_atoms,"(),(-),xC","(),(-),(-),(-),xN","(),(-),(-),xC","(),(-),xO",C,N,O,"(),(-),(-),(-),xC","(),(-),(-),(-),(-),xC","(),(-),(-),xO","(),(-),(-),xS",S,"(),(-),xS"
108-01-0,CN(C)CCO,-0.5295337774318952,-1.777380819249396,89.084063972,17.0,6.0,0.0,2.0,2.0,1.0,23.47,26.2804,0.63,-0.136555424682794,-58.7657315622504,134.044794213564,0.501038198918034,1.0497498779552,-6.31173404612479,0.0,4.08389693079128,1.0,9.46003067670361,-4.09663371485578,-2.20035200605227,-10.0491967066498,0,9.46003067670361,9.46003067670361,1.0,9.46003067670361,0.0588235294117647,0.0588235294117647,0.0,0.0,0.0,2.0,1.0,2.0,1.0,4.0,1.0,1.0,0.0,0.0,0.0,0.0,0.0,0.0
3179-63-3,CN(C)CCCO,-0.4634053371973297,-1.7708485475777669,103.099714036,20.0,7.0,0.0,3.0,2.0,1.0,23.47,29.192,0.697,0.143093575606053,0.122657873663738,163.415498004668,0.0387448838106345,0.989549897102059,-6.13838599021448,1.11640844863004,4.27876378508826,1.0,9.65976832073919,-4.01670480596261,-2.11905610355848,-10.7344369985638,0,9.65976832073919,9.65976832073919,1.0,9.65976832073919,0.05,0.05,0.0,0.0,0.0,2.0,1.0,3.0,1.0,5.0,1.0,1.0,0.0,0.0,0.0,0.0,0.0,0.0
100-37-8,CCN(CC)CCO,-0.6843564037974678,-1.806987367409909,117.1153641,23.0,8.0,0.0,4.0,2.0,1.0,23.47,34.868,0.63,0.353824199082473,6.25107640418169,163.009747200712,0.144849634984294,0.929921608843357,-6.10041735951274,2.64796098344668,4.79750264974333,1.0,9.7398482000857,-3.88604900005936,-1.9880052775395,-10.7963705930626,0,9.7398482000857,9.7398482000857,1.0,9.7398482000857,0.0434782608695652,0.0434782608695652,0.0,0.0,0.0,2.0,1.0,4.0,1.0,6.0,1.0,1.0,0.0,0.0,0.0,0.0,0.0,0.0
622-93-5,CCN(CC)CCCO,-0.7045537780701484,-1.816606393585401,131.131014164,26.0,9.0,0.0,5.0,2.0,1.0,23.47,37.7796,0.697,0.649895570254818,-4.29996343513351,189.487417166872,0.0197577132177823,0.466677584675176,-6.20947509747118,5.11266082255141,5.7206671764965,1.0,9.94296883781939,-3.79308892813739,-1.8943154752778,-10.5257104506334,0,9.94296883781939,9.94296883781939,1.0,9.94296883781939,0.0384615384615384,0.0384615384615384,0.0,0.0,0.0,2.0,1.0,5.0,1.0,7.0,1.0,1.0,0.0,0.0,0.0,0.0,0.0,0.0
108-16-7,CC(O)CN(C)C,-0.6199063761181337,-1.797589296715721,103.099714036,20.0,7.0,0.0,2.0,2.0,1.0,23.47,30.8648,0.591,0.199697679740278,123.363407414748,124.873300900995,0.157397853095845,0.937286473817942,-6.14747587169666,0.0,4.19495940318288,1.0,9.76313021141914,-4.06345622588993,-2.16531061441312,-10.7000538117528,0,9.76313021141914,9.76313021141914,1.0,9.76313021141914,0.05,0.05,0.0,0.0,0.0,3.0,1.0,1.0,1.0,5.0,1.0,1.0,1.0,0.0,0.0,0.0,0.0,0.0
4402-32-8,CCN(CC)CC(C)O,-0.5440516628113669,-1.7966152231634418,131.131014164,26.0,9.0,0.0,4.0,2.0,1.0,23.47,39.4524,0.591,0.73699365055517,-5.65852008734929,186.649251992289,-0.62217248400639,0.422208507136568,-6.07237970032259,4.62735763536392,4.93275769632966,1.0,10.3130275416658,-4.07604057075634,-2.17656415446034,-10.7465680844443,0,10.3130275416658,10.3130275416658,1.0,10.3130275416658,0.0384615384615384,0.0384615384615384,0.0,0.0,0.0,3.0,1.0,3.0,1.0,7.0,1.0,1.0,1.0,0.0,0.0,0.0,0.0,0.0
96-80-0,CC(C)N(CCO)C(C)C,-0.3001964695067938,-1.760486044555021,145.146664228,29.0,10.0,0.0,4.0,2.0,1.0,23.47,45.2776,0.552,1.67205923240698,-38.8447661741286,190.019311143199,-1.09250562527142,-1.07679043138101,-5.56386011871125,5.73690679952428,5.68986805004653,1.0,10.180266732698,-3.008216568323,-1.10892721051763,-10.4442217858942,0,10.180266732698,10.180266732698,1.0,10.180266732698,0.0344827586206896,0.0344827586206896,0.0,0.0,0.0,4.0,1.0,2.0,1.0,8.0,1.0,1.0,2.0,0.0,0.0,0.0,0.0,0.0
7005-47-2,CN(C)C(C)(C)CO,-0.3969751014297121,-1.7791188360271972,117.1153641,23.0,8.0,0.0,2.0,2.0,1.0,23.47,35.3362,0.551,0.290601334328885,18.9983992639189,159.966989282201,0.139537265564665,0.929386405792491,-6.11770990254469,1.73107593788502,4.30635375107839,1.0,9.81802095721184,-4.02744050396085,-2.1290751463049,-10.7367395217721,0,9.81802095721184,9.81802095721184,1.0,9.81802095721184,0.0434782608695652,0.0434782608695652,0.0,0.0,0.0,4.0,1.0,1.0,1.0,6.0,1.0,1.0,0.0,1.0,0.0,0.0,0.0,0.0
19059-68-8,CN(C)CC(C)(C)CO,-0.3561859493993604,-1.7616839765060075,131.131014164,26.0,9.0,0.0,3.0,2.0,1.0,23.47,39.9051,0.618,0.493230254917829,-4.05972511613236,186.852151527276,0.0165579685993562,0.474499605620852,-6.08195937704023,2.69486658105534,4.90221556508554,1.0,9.65023692438178,-3.65703739730325,-1.75944072113107,-10.471361105708,0,9.65023692438178,9.65023692438178,1.0,9.65023692438178,0.0384615384615384,0.0384615384615384,0.0,0.0,0.0,4.0,1.0,2.0,1.0,7.0,1.0,1.0,0.0,1.0,0.0,0.0,0.0,0.0
5464-15-3,CCN(C)CCC(C)O,-0.4486432288019052,-1.7744221297657845,131.131014164,26.0,9.0,0.0,4.0,2.0,1.0,23.47,38.0702,0.658,0.755945675098406,-5.21054044102431,187.073411932946,-0.615315660768664,0.438635847676387,-5.82127543333848,4.82451139342306,4.96413129690195,1.0,10.1435835114599,-3.88764770360547,-1.98842092189001,-10.4517830598055,0,10.1435835114599,10.1435835114599,1.0,10.1435835114599,0.0384615384615384,0.0384615384615384,0.0,0.0,0.0,3.0,1.0,3.0,1.0,7.0,1.0,1.0,1.0,0.0,0.0,0.0,0.0,0.0
139-87-7,CCN(CCO)CCO,-0.1764284035282463,-1.7206217656813507,133.11027872,24.0,9.0,0.0,5.0,3.0,2.0,43.7,36.8665,0.885,-0.570294362301343,-49.8303249173002,246.965640027044,-3.49094878613484,0.875978731832176,-8.5275395302366,0.234300555531114,7.58656435208064,1.0,8.51287235242438,-3.58358812123394,-1.71542798573992,-10.4334799758019,0,8.51287235242438,8.51287235242438,2.0,17.02574470484876,0.0416666666666666,0.0833333333333333,0.0,0.0,0.0,1.0,1.0,5.0,2.0,6.0,1.0,2.0,0.0,0.0,0.0,0.0,0.0,0.0
121-93-7,CC(C)N(CCO)CCO,-0.4126583471273604,-1.7625929157110964,147.125928784,27.0,10.0,0.0,5.0,3.0,2.0,43.7,42.0713,0.846,-0.010037806885429,-2.48254871363051,242.001601722374,-4.17768687626914,0.877291091338477,-8.52654354481462,2.08875658570984,7.59805542136242,1.0,9.01865693269012,-3.52882628071707,-1.63902125716218,-10.3931168825347,0,9.01865693269012,9.01865693269012,2.0,18.03731386538024,0.037037037037037,0.074074074074074,0.0,0.0,0.0,2.0,1.0,4.0,2.0,7.0,1.0,2.0,1.0,0.0,0.0,0.0,0.0,0.0
2160-93-2,CC(C)(C)N(CCO)CCO,-0.5672448988604829,-1.788566978430303,161.141578848,30.0,11.0,0.0,5.0,3.0,2.0,43.7,46.3765,0.806,0.646221739128363,41.854682570664,251.183722452582,-3.80146055372198,0.638021212850489,-8.52557791881578,3.57010107151871,7.64903503102493,1.0,9.46435061138385,-3.31817601448616,-1.42185766264657,-10.4149947693355,0,9.46435061138385,9.46435061138385,2.0,18.9287012227677,0.0333333333333333,0.0666666666666666,0.0,0.0,0.0,3.0,1.0,4.0,2.0,8.0,1.0,2.0,0.0,1.0,0.0,0.0,0.0,0.0
623-57-4,CN(C)CC(O)CO,-0.3258026353725788,-1.7517375674373492,119.094628656,21.0,8.0,0.0,3.0,3.0,2.0,43.7,32.2429,0.898,-1.48602905592873,-15.145851080045,239.441691765786,-2.96466507274635,0.897515625653506,-7.5776232310185,0.0,7.19660695314286,1.0,9.52532388842683,-5.51139391190052,-3.6145951332951,-10.5147740568035,0,9.52532388842683,9.52532388842683,2.0,19.05064777685366,0.0476190476190476,0.0952380952380952,0.0,0.0,0.0,2.0,1.0,2.0,2.0,5.0,1.0,2.0,1.0,0.0,0.0,0.0,0.0,0.0
621-56-7,CCN(CC)CC(O)CO,-0.8449694879675888,-1.828319278635803,147.125928784,27.0,10.0,0.0,5.0,3.0,2.0,43.7,40.8305,0.898,0.0177818462697128,11.287963139691,243.089316331236,-4.1129384530548,0.487824215752257,-7.36757483090876,3.21373761261241,7.59482415638362,1.0,9.67013801136997,-4.1523855166897,-2.25468148720521,-10.3897863380651,0,9.67013801136997,9.67013801136997,2.0,19.34027602273994,0.037037037037037,0.074074074074074,0.0,0.0,0.0,2.0,1.0,4.0,2.0,7.0,1.0,2.0,1.0,0.0,0.0,0.0,0.0,0.0
102-71-6,OCCN(CCO)CCO,-0.1692098016998241,-1.7071004845260922,149.10519334,25.0,10.0,0.0,6.0,4.0,3.0,63.93,38.865,1.14,-1.00059030849166,20.5269819345259,335.340685958488,-5.44184843742643,0.826305128870292,-10.2334682037793,0.0,7.2585612886965,1.0,8.09376187208854,-3.59545745389653,-1.77440579751365,-10.337565611333,0,8.09376187208854,8.09376187208854,3.0,24.28128561626562,0.04,0.12,0.0,0.0,0.0,0.0,1.0,6.0,3.0,6.0,1.0,3.0,0.0,0.0,0.0,0.0,0.0,0.0
2955-88-6,OCCN1CCCC1,-0.679612544116936,-1.8013355451337636,115.099714036,21.0,8.0,1.0,2.0,2.0,1.0,23.47,30.1346,0.78,0.47100154525301,33.0236005842659,194.987021377614,-0.976633626843459,0.935970234514139,-6.29986881461562,2.65398259477737,4.97075341319457,1.0,10.1009372596475,-4.12994659972474,-2.23079951813077,-10.7082778625662,1,10.1009372596475,10.1009372596475,1.0,10.1009372596475,0.0476190476190476,0.0476190476190476,1.0,1.0,0.0476190476190476,0.0,1.0,6.0,1.0,6.0,1.0,1.0,0.0,0.0,0.0,0.0,0.0,0.0
85391-19-1,OCC(O)CN1CCCC1,-0.4204984688427408,-1.769893048965917,145.11027872,25.0,10.0,1.0,3.0,3.0,2.0,43.7,36.0971,1.048,0.0146967934684702,28.6544257750901,241.755490087999,-3.54619660619026,0.534078548339759,-6.97716906427517,1.80396186607266,7.78272029660918,1.0,9.82898072896209,-4.31430429622629,-2.41589827977708,-10.3643393223754,1,9.82898072896209,9.82898072896209,2.0,19.65796145792418,0.04,0.08,1.0,1.0,0.04,0.0,1.0,6.0,2.0,7.0,1.0,2.0,1.0,0.0,0.0,0.0,0.0,0.0
3040-44-6,OCCN1CCCCC1,-0.624181642749155,-1.7970978912538107,129.1153641,24.0,9.0,1.0,2.0,2.0,1.0,23.47,33.0462,0.78,0.958877975315774,18.0498098718946,201.831877000193,-1.41750691705989,0.597721019751065,-6.25937122347293,4.96279818682167,5.9932615008719,1.0,10.1133329332749,-3.65446553699496,-1.75529447893158,-10.7507588750286,1,10.1133329332749,10.1133329332749,1.0,10.1133329332749,0.0416666666666666,0.0416666666666666,1.0,1.0,0.0416666666666666,0.0,1.0,7.0,1.0,7.0,1.0,1.0,0.0,0.0,0.0,0.0,0.0,0.0
4847-93-2,OCC(O)CN1CCCCC1,-0.8195609038095794,-1.821254236360875,159.125928784,28.0,11.0,1.0,3.0,3.0,2.0,43.7,39.0087,1.048,0.718289160659885,47.9515561505024,245.658431047171,-3.62239183748937,0.447643930917714,-6.86357708500196,4.51127356088822,7.84691109011143,1.0,9.88333767898161,-3.6650664837531,-1.76647325324565,-10.4139426039338,1,9.88333767898161,9.88333767898161,2.0,19.76667535796322,0.0357142857142857,0.0714285714285714,1.0,1.0,0.0357142857142857,0.0,1.0,7.0,2.0,8.0,1.0,2.0,1.0,0.0,0.0,0.0,0.0,0.0
533-15-3,CN1CCCCC1CCO,-0.7841621557457928,-1.82196941347484,143.131014164,27.0,10.0,1.0,2.0,2.0,1.0,23.47,35.628,0.808,1.26973385733153,47.0179016966265,199.925751578788,-1.64508701912315,0.390952972447115,-6.16734198947919,6.39539614568391,6.40873214297932,1.0,10.241000865432,-3.47127489269753,-1.57189285842696,-10.4348720877244,1,10.241000865432,10.241000865432,1.0,10.241000865432,0.037037037037037,0.037037037037037,1.0,1.0,0.037037037037037,1.0,1.0,6.0,1.0,8.0,1.0,1.0,1.0,0.0,0.0,0.0,0.0,0.0
3554-74-3,CN1CCCC(O)C1,-0.2929331141707303,-1.7442942915599902,115.099714036,21.0,8.0,1.0,0.0,2.0,1.0,23.47,29.8048,0.741,0.514980291748372,39.7934203369962,192.02763229529,-1.2307293704425,0.910007913046196,-6.27035362809552,0.754583997643524,4.89807618173505,1.0,8.89048203894604,-2.87567843799232,-0.989317547885082,-10.6715944545526,1,8.89048203894604,8.89048203894604,1.0,8.89048203894604,0.0476190476190476,0.0476190476190476,1.0,1.0,0.0476190476190476,1.0,1.0,4.0,1.0,6.0,1.0,1.0,1.0,0.0,0.0,0.0,0.0,0.0
13444-24-1,CCN1CCCC(O)C1,-0.2516266952561503,-1.7399904731097933,129.1153641,24.0,9.0,1.0,1.0,2.0,1.0,23.47,34.0986,0.741,1.02838442072749,46.9070806937032,184.651399360793,-1.92401209272315,0.531612766698448,-6.25844482914771,4.38587592967822,5.77989014631745,1.0,9.70086436490721,-3.17250729096452,-1.27464683012622,-10.5143694780687,1,9.70086436490721,9.70086436490721,1.0,9.70086436490721,0.0416666666666666,0.0416666666666666,1.0,1.0,0.0416666666666666,1.0,1.0,5.0,1.0,7.0,1.0,1.0,1.0,0.0,0.0,0.0,0.0,0.0
105-59-9,CN(CCO)CCO,-0.4162624643965059,-1.7581301593575298,119.094628656,21.0,8.0,0.0,4.0,3.0,2.0,43.7,32.5727,0.885,-1.70029962430188,-20.9980058642926,246.964405805961,-3.6954774149205,0.923873676679489,-8.5283645140196,0.0,7.3635634357897,1.0,8.40985563682321,-4.61068940908391,-2.75066116437861,-10.540160896749,0,8.40985563682321,8.40985563682321,2.0,16.81971127364642,0.0476190476190476,0.0952380952380952,0.0,0.0,0.0,1.0,1.0,4.0,2.0,5.0,1.0,2.0,0.0,0.0,0.0,0.0,0.0,0.0
693288-48-1,CCN(CC)CC(O)CCCO,-0.6667088191905327,-1.8326873888153024,175.157228912,33.0,12.0,0.0,7.0,3.0,2.0,43.7,46.6537,0.913,0.87916093841276,19.9855086619583,250.750043098904,-3.60425409530799,0.417433844983619,-9.0156783704642,7.07361468849774,7.8426866017187,1.0,10.96376047277,-4.58460102723098,-2.68471810155435,-10.5703947976111,0,10.96376047277,10.96376047277,2.0,21.92752094554,0.0303030303030303,0.0606060606060606,0.0,0.0,0.0,2.0,1.0,6.0,2.0,9.0,1.0,2.0,1.0,0.0,0.0,0.0,0.0,0.0
1009-65-0,CN(C)CC1CC(O)C(C)(C)O1,-0.0729228226089511,-1.7057317735857562,173.141578848,31.0,12.0,1.0,2.0,3.0,1.0,32.7,46.6627,0.808,0.921129912165001,-18.7771557261747,234.744631128184,-2.40380267916037,0.295469004877433,-6.28903778061419,4.58172489372199,6.73599681725822,1.0,8.38461400569521,-1.96405018580555,-0.106298248570407,-10.5690769650793,0,8.38461400569521,8.38461400569521,2.0,16.76922801139042,0.032258064516129,0.064516129032258,0.0,0.0,0.032258064516129,4.0,1.0,2.0,1.0,9.0,1.0,2.0,2.0,1.0,1.0,0.0,0.0,0.0
118870-35-2,CN1CCC(C(O)CO)C1,-0.5716424700225239,-1.78907665783893,145.11027872,25.0,10.0,1.0,2.0,3.0,2.0,43.7,36.9728,1.076,-0.0914384787821871,29.7064490446391,241.16367208135,-3.53386496998463,0.817511191871676,-6.64492592860803,1.13664320201564,7.63585901498944,1.0,9.57193646899077,-4.16341174621592,-2.26628828233264,-10.412608924617,1,9.57193646899077,9.57193646899077,2.0,19.14387293798154,0.04,0.08,1.0,1.0,0.04,1.0,1.0,4.0,2.0,7.0,1.0,2.0,2.0,0.0,0.0,0.0,0.0,0.0
25727-94-0,CCCCCCCCCCN1CCOCC1,0.1559616303052987,-1.647909927708955,227.224914548,45.0,16.0,1.0,9.0,2.0,0.0,12.47,57.2696,0.71,3.61939070573554,-21.348038798241,276.827375812506,-2.83086468878584,-3.14858861173906,-5.09259473459796,17.8365506606627,7.50422388283146,1.0,7.52436096015359,1.59094299274885,3.25174398428725,-10.5802788507312,1,7.52436096015359,7.52436096015359,1.0,7.52436096015359,0.0222222222222222,0.0222222222222222,1.0,1.0,0.0222222222222222,1.0,1.0,13.0,0.0,14.0,1.0,1.0,0.0,0.0,1.0,0.0,0.0,0.0
437999-32-1,OCCN(CCO)C1CCCCC1O,-0.3176594505753403,-1.756233351860964,203.152143532,35.0,14.0,1.0,5.0,4.0,3.0,63.93,47.8828,1.212,-0.220167492756275,150.425308620371,302.579634193473,-6.63035787475629,0.0313115458682593,-10.4874923082443,3.1965857628385,8.31873175043789,1.0,9.44799120602295,-4.16820765057509,-2.27202999158971,-10.629223823234,0,9.44799120602295,9.44799120602295,3.0,28.34397361806885,0.0285714285714285,0.0857142857142857,0.0,0.0,0.0285714285714285,0.0,1.0,8.0,3.0,10.0,1.0,3.0,2.0,0.0,0.0,0.0,0.0,0.0
3018-41-5,CN(C)CCSCCN(C)C,-0.3865082017507003,-1.7537207343848966,176.13471964,31.0,11.0,0.0,6.0,2.0,0.0,31.78,55.2251,0.812,1.04236806345286,-19.2544782104635,190.504562404627,-0.946261033175264,-1.74149578435286,-4.4663426661301,5.12124571209566,5.20262900817532,1.0,8.44992786268291,-1.90804689334088,-0.0446434672592246,-10.5531861701334,0,4.224963931341455,16.89985572536582,0.5,4.224963931341455,0.064516129032258,0.032258064516129,0.0,0.0,0.0,4.0,2.0,4.0,0.0,8.0,2.0,0.0,0.0,0.0,0.0,1.0,1.0,0.0
5842-09-1,CC(C)CN(CCS)CC(C)C,-0.4789565370016035,-1.7979646475691702,189.155120736,35.0,12.0,0.0,6.0,1.0,0.0,42.04,58.974,1.015,2.68242663356102,-30.3595222187047,226.995832765137,-0.225759414002301,-1.91946981024969,-3.40675695020908,12.746504545262,5.00598389385031,2.0,10.4131574603583,-2.23073613104994,-0.331151956883206,-10.4477574454279,0,10.4131574603583,10.4131574603583,1.0,10.4131574603583,0.0285714285714285,0.0285714285714285,0.0,0.0,0.0,4.0,1.0,4.0,0.0,10.0,1.0,0.0,2.0,0.0,0.0,0.0,1.0,1.0
254448-29-8,CN(CCOCCO)CCOCCO,-0.0922527730979815,-1.7197822158953422,207.147058152,35.0,14.0,0.0,10.0,5.0,2.0,62.16,54.6597,1.255,-0.521006621903037,-6.65961916032375,278.512152457558,-5.01032201412006,0.529362282981771,-8.66154459742513,1.79845156681748,7.95013719666289,1.0,9.12525523572308,-4.14636477237464,-2.25436163149488,-10.6021260134208,0,9.12525523572308,9.12525523572308,4.0,36.50102094289232,0.0285714285714285,0.1142857142857142,0.0,0.0,0.0,1.0,1.0,8.0,2.0,9.0,1.0,4.0,0.0,0.0,2.0,0.0,0.0,0.0
55675-72-4,CN1CCSCC1,-0.1772038807593889,-1.7176288237909578,117.061220352,18.0,7.0,1.0,0.0,1.0,0.0,28.54,35.237,0.714,1.24382711619367,-22.9587345045593,172.092084350028,1.14085464708536,-0.820768417666239,-4.92259029152024,2.87411052443502,3.9224026453134,1.0,8.59396639449558,-1.85048893598558,0.0229278964639013,-10.9842503219859,1,8.59396639449558,8.59396639449558,1.0,8.59396639449558,0.0555555555555555,0.0555555555555555,1.0,1.0,0.0555555555555555,1.0,1.0,4.0,0.0,5.0,1.0,0.0,0.0,0.0,0.0,1.0,1.0,0.0
61168-09-0,CN(C)C1CCC(O)CC1,-0.6265217766739151,-1.800825027106365,143.131014164,27.0,10.0,1.0,1.0,2.0,1.0,23.47,35.2982,0.769,1.27994644639305,59.4213466519967,198.181630216968,-1.67045058983479,0.4172280065714,-6.17954309643117,5.59331382247576,6.08137260929564,1.0,9.94767191361436,-3.16774095912013,-1.26895431426579,-10.4501613048903,0,9.94767191361436,9.94767191361436,1.0,9.94767191361436,0.037037037037037,0.037037037037037,0.0,0.0,0.037037037037037,2.0,1.0,4.0,1.0,8.0,1.0,1.0,2.0,0.0,0.0,0.0,0.0,0.0
854652-99-6,CN(C)CC(CO)(CO)CO,-0.2691072750355242,-1.7489796863964786,163.120843404,28.0,11.0,0.0,5.0,4.0,3.0,63.93,43.4545,1.262,-1.23717264756647,23.7158098498035,301.315240947605,-4.47044745782398,0.382926660764589,-7.93135062687312,0.684807378210547,7.89022640791094,1.0,9.41907207610296,-5.15629704587873,-3.2603813119705,-10.4364390840512,0,9.41907207610296,9.41907207610296,3.0,28.25721622830888,0.0357142857142857,0.1071428571428571,0.0,0.0,0.0,2.0,1.0,4.0,3.0,7.0,1.0,3.0,0.0,1.0,0.0,0.0,0.0,0.0
90652-41-8,CSCCCCC(C(C)C)N1CCCC1,-0.4407564412046088,-1.775003434514598,229.186420864,42.0,15.0,1.0,7.0,1.0,0.0,28.54,62.7485,0.636,4.47271166446011,15.6420796577228,256.044981179397,-1.92571835039843,-2.92673957653035,-3.45727369729663,17.1157169196557,7.45043553647258,1.0,9.34901563968196,0.623634544201684,2.51883936057741,-10.6210226150576,1,9.34901563968196,9.34901563968196,1.0,9.34901563968196,0.0238095238095238,0.0238095238095238,1.0,1.0,0.0238095238095238,3.0,1.0,8.0,0.0,13.0,1.0,0.0,2.0,0.0,0.0,1.0,1.0,0.0
629165-64-6,CCN1CC(O)CC(O)C1,-0.5469746444594195,-1.7836648670050343,145.11027872,25.0,10.0,1.0,1.0,3.0,2.0,43.7,37.1495,0.957,-0.359708817572557,67.6495219483076,240.043021444936,-3.22622198764496,0.864351153599043,-7.1608897400471,2.09459328489103,7.59245596702572,1.0,9.37695619130945,-4.23672265887975,-2.34122063752156,-10.3644629348602,1,9.37695619130945,9.37695619130945,2.0,18.7539123826189,0.04,0.08,1.0,1.0,0.04,1.0,1.0,4.0,2.0,7.0,1.0,2.0,2.0,0.0,0.0,0.0,0.0,0.0
1920-46-3,CC(S)CN(C)C,-0.3917571339736807,-1.7695984191126444,119.076870416,20.0,7.0,0.0,2.0,1.0,0.0,42.04,36.9918,1.054,1.28284967169316,-45.2615963938992,153.583968998654,1.1984532979801,-0.295464339622847,-4.04216498542132,3.28532079481184,3.17044062958974,2.0,9.91997854075818,-2.61719766427787,-0.721464438776147,-10.9251940367131,0,9.91997854075818,9.91997854075818,1.0,9.91997854075818,0.05,0.05,0.0,0.0,0.0,3.0,1.0,1.0,0.0,5.0,1.0,0.0,1.0,0.0,0.0,0.0,1.0,1.0
10295-91-7,CCN(C)C1COCC1O,-0.359430134808551,-1.7554345296232938,145.11027872,25.0,10.0,1.0,2.0,3.0,1.0,32.7,38.9891,0.82,0.278609302775679,2.86863611687441,203.505277422524,-2.17924395128548,0.872488133756091,-6.1883811592711,2.50369285884752,5.84114535241629,1.0,9.24075242908826,-3.46222201095102,-1.5683649436899,-10.3947641889631,0,9.24075242908826,9.24075242908826,2.0,18.48150485817652,0.04,0.08,0.0,0.0,0.04,2.0,1.0,3.0,1.0,7.0,1.0,2.0,2.0,0.0,1.0,0.0,0.0,0.0
86375-49-7,CC(C)(C)CC(C)(C)N(CCO)CCO,-0.6283321069574483,-1.800447627476024,217.204179104,42.0,15.0,0.0,7.0,3.0,2.0,43.7,64.5254,0.727,2.8039311033505,15.2484575492655,277.221441866215,-2.74656410750931,-0.981349213747538,-9.06996863731026,11.4418132891096,7.94718111540382,1.0,9.30991391601522,-1.00605008503944,0.888705751118482,-10.7861552148158,0,9.30991391601522,9.30991391601522,2.0,18.61982783203044,0.0238095238095238,0.0476190476190476,0.0,0.0,0.0,5.0,1.0,5.0,2.0,12.0,1.0,2.0,0.0,2.0,0.0,0.0,0.0,0.0
46321-78-2,CC(CO)N1CCN(C(C)CO)CC1,-0.2309516099098564,-1.7300372922440286,202.168127944,36.0,14.0,1.0,4.0,4.0,2.0,46.94,57.7916,1.205,-0.323230494212753,96.5491740091242,268.164228707575,-4.56119258908882,0.456298452894927,-8.63301038574994,3.40309575699238,7.94390902788736,1.0,8.41795277271378,-3.24170755426369,-1.38097420474927,-10.617268858973,1,4.20897638635689,16.83590554542756,1.0,8.41795277271378,0.0555555555555555,0.0555555555555555,0.5,0.5,0.0277777777777777,2.0,2.0,6.0,2.0,10.0,2.0,2.0,2.0,0.0,0.0,0.0,0.0,0.0
55972-87-7,OCCCCN(CCCCO)CCCCO,-0.1877616294354662,-1.7425618864002888,233.199093724,43.0,16.0,0.0,12.0,4.0,3.0,63.93,56.3346,1.341,1.29427786565555,24.4178916655764,295.807115524221,-6.11654329394825,-0.205056086336771,-7.82297928239398,10.9371783955525,8.52682317510917,1.0,9.55195207420723,-2.75771273979042,-0.860724254077635,-10.7206255121856,0,9.55195207420723,9.55195207420723,3.0,28.655856222621694,0.0232558139534883,0.0697674418604651,0.0,0.0,0.0,0.0,1.0,12.0,3.0,12.0,1.0,3.0,0.0,0.0,0.0,0.0,0.0,0.0
14548-72-2,CC(O)CN(CC(C)O)C1CCCCC1,-0.1683108395664457,-1.7371231544830854,215.18852904,40.0,15.0,1.0,5.0,3.0,2.0,43.7,54.0007,0.918,1.95666625395707,78.6945307764714,285.333524445668,-2.91309782134133,-1.39603237396601,-9.07599697860409,9.72511353341557,8.08384194279591,1.0,9.53127168614681,-2.07464584252187,-0.177803682998544,-10.6285539565114,0,9.53127168614681,9.53127168614681,2.0,19.06254337229362,0.025,0.05,0.0,0.0,0.025,2.0,1.0,7.0,2.0,12.0,1.0,2.0,3.0,0.0,0.0,0.0,0.0,0.0
857384-40-8,CCN1CCCCC1CCCO,-0.7847700608712493,-1.8371823417836937,171.162314292,33.0,12.0,1.0,4.0,2.0,1.0,23.47,42.8334,0.808,2.34032311077345,53.0766273962857,236.619419129019,-1.89629616365654,-0.394150885972636,-5.9720761378667,9.42276348226311,7.72562563588831,1.0,10.6680279260968,-2.82770776486755,-0.927939043569108,-10.4479332497824,1,10.6680279260968,10.6680279260968,1.0,10.6680279260968,0.0303030303030303,0.0303030303030303,1.0,1.0,0.0303030303030303,1.0,1.0,8.0,1.0,10.0,1.0,1.0,1.0,0.0,0.0,0.0,0.0,0.0
4223-94-3,CC(O)CN1CCN(C)CC1,-0.6743548375662175,-1.7964406687842005,158.141913196,29.0,11.0,1.0,2.0,3.0,1.0,26.71,46.9149,0.989,-0.176265664172093,12.2428249083548,218.983196674741,-2.46837316761844,0.854628612198831,-8.46982893443835,3.13227439139431,6.74659216032111,1.0,8.93987754334852,-3.61630090614909,-1.72849461439019,-10.4050591096885,1,4.46993877167426,17.87975508669704,0.5,4.46993877167426,0.0689655172413793,0.0344827586206896,0.5,0.5,0.0344827586206896,2.0,2.0,5.0,1.0,8.0,2.0,1.0,1.0,0.0,0.0,0.0,0.0,0.0
71002-70-5,CC(CCCO)N1CCOCC1,-0.0579481399059864,-1.7022973250520828,173.141578848,31.0,12.0,1.0,4.0,3.0,1.0,32.7,45.7625,0.993,0.798172503756631,39.3491067955006,251.320525023602,-2.55271955684234,0.473135333596717,-6.55914667345201,6.19731486738312,7.71276027415041,1.0,8.39995945780786,-2.10233340552188,-0.243183325019678,-10.4513294192052,1,8.39995945780786,8.39995945780786,2.0,16.79991891561572,0.032258064516129,0.064516129032258,1.0,1.0,0.032258064516129,1.0,1.0,7.0,1.0,9.0,1.0,2.0,1.0,0.0,1.0,0.0,0.0,0.0
90854-88-9,CCCN(CCC)CC(C)(C)CO,-0.767755210350509,-1.826431005254098,187.19361442,38.0,13.0,0.0,7.0,2.0,1.0,23.47,55.5567,0.618,2.55455479433478,-20.1404979086298,225.22408854548,-1.79302721919697,-1.09225072594962,-4.90247658612831,10.5593649212946,7.71960215672649,1.0,10.1944334199693,-2.13988740264265,-0.240575256205998,-10.5740595582534,0,10.1944334199693,10.1944334199693,1.0,10.1944334199693,0.0263157894736842,0.0263157894736842,0.0,0.0,0.0,4.0,1.0,6.0,1.0,11.0,1.0,1.0,0.0,1.0,0.0,0.0,0.0,0.0
6039-36-7,CC1CCCC(CO)N1CCO,-0.8233879851337714,-1.823743439658444,173.141578848,31.0,12.0,1.0,3.0,3.0,2.0,43.7,43.5931,0.957,1.04799248715532,50.3341556237069,256.508129707353,-2.96891512132691,0.529749476309285,-8.52564200595851,6.03061952356686,7.84137237860839,1.0,9.69140001005468,-3.14343547216018,-1.24562202745716,-10.4590161977299,1,9.69140001005468,9.69140001005468,2.0,19.38280002010936,0.032258064516129,0.064516129032258,1.0,1.0,0.032258064516129,1.0,1.0,6.0,2.0,9.0,1.0,2.0,2.0,0.0,0.0,0.0,0.0,0.0
496-47-9,CC(O)CC1CCCN1C,-0.6495454599112463,-1.807669596363611,143.131014164,27.0,10.0,1.0,2.0,2.0,1.0,23.47,37.3008,0.769,1.15389813268145,-9.26031688160502,198.192725694792,-1.61428163183448,0.409096375943716,-6.17443958544162,6.11456008534301,6.08137260929564,1.0,10.1192929174762,-3.4654052196439,-1.56622287430495,-10.4234003628619,1,10.1192929174762,10.1192929174762,1.0,10.1192929174762,0.037037037037037,0.037037037037037,1.0,1.0,0.037037037037037,2.0,1.0,4.0,1.0,8.0,1.0,1.0,2.0,0.0,0.0,0.0,0.0,0.0
4134-00-3,CCC(O)CN(CC(C)O)CC(C)O,-0.3457065523654821,-1.7611608209310186,205.167793596,37.0,14.0,0.0,7.0,4.0,3.0,63.93,55.5298,1.023,0.592816969243369,31.5138181904775,298.954089397927,-6.52547235608619,0.35192693242907,-10.1149050792294,2.96971602345737,8.12399775900127,1.0,9.2325251221883,-3.13978854608498,-1.24604809606025,-10.6263796570501,0,9.2325251221883,9.2325251221883,3.0,27.69757536656489,0.027027027027027,0.081081081081081,0.0,0.0,0.0,3.0,1.0,4.0,3.0,10.0,1.0,3.0,3.0,0.0,0.0,0.0,0.0,0.0
34753-59-8,CC(C)N(CCCO)CCCO,-0.4125939711710698,-1.775099504257509,175.157228912,33.0,12.0,0.0,7.0,3.0,2.0,43.7,47.8945,0.98,0.983327243583743,13.72179437984,250.440727377776,-4.45683334392125,0.425319564824585,-6.85519163403173,5.84717559409391,7.84106769158212,1.0,9.84377053656991,-3.36046297202737,-1.46200368365944,-10.5762706574326,0,9.84377053656991,9.84377053656991,2.0,19.68754107313982,0.0303030303030303,0.0606060606060606,0.0,0.0,0.0,2.0,1.0,6.0,2.0,9.0,1.0,2.0,1.0,0.0,0.0,0.0,0.0,0.0
62237-08-5,CN(CCO)CCCN1CCCC1,-0.5961772072426269,-1.813111852537876,186.173213324,35.0,13.0,1.0,6.0,3.0,1.0,26.71,51.0653,1.028,0.31280316801084,-31.7627924402214,222.542249316246,-3.24875706226607,0.0083400676712183,-6.49125979603241,6.1574232129487,8.41423147034164,1.0,10.6534641773639,-4.84066405948484,-2.94090322323008,-10.4454175127659,1,5.32673208868195,21.3069283547278,0.5,5.32673208868195,0.0571428571428571,0.0285714285714285,0.5,0.5,0.0285714285714285,1.0,2.0,9.0,1.0,10.0,2.0,1.0,0.0,0.0,0.0,0.0,0.0,0.0
857832-28-1,CCOC(CC)CN(CCO)CCO,-0.1981055370678745,-1.7250520860656338,205.167793596,37.0,14.0,0.0,9.0,4.0,2.0,52.93,55.406,1.031,0.450115076179797,1.97736732243639,277.418468705349,-6.34872114337978,0.195646930149569,-10.0628764537452,5.13657073354702,7.94453821586475,1.0,8.25044576504089,-2.30110150904685,-0.457657760296,-10.633658049934,0,8.25044576504089,8.25044576504089,3.0,24.75133729512267,0.027027027027027,0.081081081081081,0.0,0.0,0.0,2.0,1.0,7.0,2.0,10.0,1.0,3.0,1.0,0.0,1.0,0.0,0.0,0.0
102450-14-6,CC1(C)CCCN(CCO)C1,-0.7755574264875557,-1.834542191474059,157.146664228,30.0,11.0,1.0,2.0,2.0,1.0,23.47,45.7131,0.701,2.09682072039019,48.4523042894122,219.905495476041,-2.47234475367245,-0.220875626994706,-6.05452157950172,6.59822994512381,7.02324050797899,1.0,10.6132175859659,-3.01640021187705,-1.11666259145668,-10.4481591080142,0,10.6132175859659,10.6132175859659,1.0,10.6132175859659,0.0333333333333333,0.0333333333333333,0.0,0.0,0.0333333333333333,2.0,1.0,6.0,1.0,9.0,1.0,1.0,0.0,1.0,0.0,0.0,0.0,0.0
2109-64-0,CCCCN(CCCC)CC(C)O,-0.5551048205328274,-1.8075494552001423,187.19361442,38.0,13.0,0.0,8.0,2.0,1.0,23.47,52.3396,0.591,2.5491028481866,-19.5309207479356,225.451909825664,-1.74405286644735,-1.37988084049512,-4.71179911842653,12.6183636869143,7.73988772707154,1.0,10.452914317242,-2.40381630930293,-0.504195775640856,-10.4562212971259,0,10.452914317242,10.452914317242,1.0,10.452914317242,0.0263157894736842,0.0263157894736842,0.0,0.0,0.0,3.0,1.0,7.0,1.0,11.0,1.0,1.0,1.0,0.0,0.0,0.0,0.0,0.0
1194736-09-8,CCCC(O)CCCN(C)C1CCCC1,-0.230568990225407,-1.7529603573888743,213.209264484,42.0,15.0,1.0,7.0,2.0,1.0,23.47,51.8588,0.769,3.48049166056989,69.051159928817,250.751375400201,-1.86271000791865,-0.673675894921656,-4.99270171266826,13.839730692069,9.22371757438066,1.0,9.91623408323729,-0.935759077562461,0.962936617594652,-10.6052933559729,0,9.91623408323729,9.91623408323729,1.0,9.91623408323729,0.0238095238095238,0.0238095238095238,0.0,0.0,0.0238095238095238,2.0,1.0,9.0,1.0,13.0,1.0,1.0,2.0,0.0,0.0,0.0,0.0,0.0
106694-61-5,OCCCN1CCCC(CO)C1,-0.783025954946433,-1.824354838474273,173.141578848,31.0,12.0,1.0,4.0,3.0,2.0,43.7,44.666,1.13,0.778952612975471,48.2366713649027,257.24400188261,-3.7880285129028,0.795559791312555,-6.608266892959,5.48334467066057,7.92231537368953,1.0,10.079609369275,-3.80066818953704,-1.90156399432362,-10.4447638344906,1,10.079609369275,10.079609369275,2.0,20.15921873855,0.032258064516129,0.064516129032258,1.0,1.0,0.032258064516129,0.0,1.0,8.0,2.0,9.0,1.0,2.0,1.0,0.0,0.0,0.0,0.0,0.0
6006-58-2,CCN(CC)CCSCCN(CC)CC,-0.1328961832028866,-1.7230202593270878,232.197319896,43.0,15.0,0.0,10.0,2.0,0.0,31.78,72.4003,0.812,0.725210742992548,-23.2521534661132,279.301719391257,-2.49967223516904,-2.36936771103499,-3.88287359716703,12.8356736488377,7.41848465487676,1.0,8.72918147971284,-2.50422687515789,-0.623860069442747,-10.439128348378,0,4.36459073985642,17.45836295942568,0.5,4.36459073985642,0.0465116279069767,0.0232558139534883,0.0,0.0,0.0,4.0,2.0,8.0,0.0,12.0,2.0,0.0,0.0,0.0,0.0,1.0,1.0,0.0
14037-83-3,CN(CCO)CCN(C)CCO,-0.0861309085966641,-1.714916700456696,176.15247788,32.0,12.0,0.0,7.0,4.0,2.0,46.94,50.5918,1.133,-0.671860221999295,36.5697571049749,236.340104363871,-4.55943963876266,0.820783636798845,-9.0797226745711,0.863400950562655,7.84720179454276,1.0,8.99938679132795,-4.17138452158009,-2.28203627486925,-10.4389960108748,0,4.499693395663975,17.9987735826559,1.0,8.99938679132795,0.0625,0.0625,0.0,0.0,0.0,2.0,2.0,6.0,2.0,8.0,2.0,2.0,0.0,0.0,0.0,0.0,0.0,0.0
122-96-3,OCCN1CCN(CCO)CC1,-0.4110288773357323,-1.7478640967297632,174.136827816,30.0,12.0,1.0,4.0,4.0,2.0,46.94,48.6228,1.283,-0.63772249930361,134.678259238006,265.091336830815,-3.70573700734288,0.820906911367381,-9.08331211174804,0.822926760194951,7.83935517088885,1.0,7.98392287228855,-3.1230681911785,-1.32224391060901,-10.385679227531,1,3.991961436144275,15.9678457445771,1.0,7.98392287228855,0.0666666666666666,0.0666666666666666,0.5,0.5,0.0333333333333333,0.0,2.0,8.0,2.0,8.0,2.0,2.0,0.0,0.0,0.0,0.0,0.0,0.0
15433-27-9,OCC(CO)N1CCCCC1,-0.6266577137174316,-1.8007443465157082,159.125928784,28.0,11.0,1.0,3.0,3.0,2.0,43.7,39.0087,0.996,0.862254090707588,45.0767743144477,245.627857031208,-3.60916717761552,0.81840356366162,-6.64621185962844,4.30399756894302,7.85297846486118,1.0,9.87302993295857,-3.51079423917353,-1.61223473956761,-10.4178931434194,1,9.87302993295857,9.87302993295857,2.0,19.74605986591714,0.0357142857142857,0.0714285714285714,1.0,1.0,0.0357142857142857,0.0,1.0,7.0,2.0,8.0,1.0,2.0,1.0,0.0,0.0,0.0,0.0,0.0
3574-43-4,CC(C)CCN(CCO)CCC(C)C,-0.5151258345857914,-1.801631738997626,201.209264484,41.0,14.0,0.0,8.0,2.0,1.0,23.47,58.6702,0.552,3.20634878126962,-28.2837686841539,226.454646775518,-2.58890789183596,-1.49496236710928,-4.70982185253272,13.6553319109664,8.39933775923066,1.0,10.353923849326,-1.64758114741023,0.251942296600423,-10.6057575063268,0,10.353923849326,10.353923849326,1.0,10.353923849326,0.024390243902439,0.024390243902439,0.0,0.0,0.0,4.0,1.0,6.0,1.0,12.0,1.0,1.0,2.0,0.0,0.0,0.0,0.0,0.0
91014-23-2,CCCCN(C)CCCCCO,-0.3938227431521922,-1.7822904804230948,173.177964356,35.0,12.0,0.0,8.0,2.0,1.0,23.47,45.7526,0.697,2.3678185187757,-26.3676816691742,224.997056146742,-2.53582479422048,-1.44167424589137,-8.45028649964895,9.83012435807889,7.7129516837545,1.0,10.3574907756139,-2.48967828646625,-0.590150946632983,-10.4352254194968,0,10.3574907756139,10.3574907756139,1.0,10.3574907756139,0.0285714285714285,0.0285714285714285,0.0,0.0,0.0,2.0,1.0,8.0,1.0,10.0,1.0,1.0,0.0,0.0,0.0,0.0,0.0,0.0
100-74-3,CCN1CCOCC1,-0.1080169646689273,-1.702908300803374,115.099714036,21.0,8.0,1.0,1.0,2.0,0.0,12.47,33.3564,0.71,0.0177203661049402,-63.9033723778011,138.41572499579,0.700989578070575,0.937354586650938,-5.02211602147186,3.18413624474796,3.47468861238382,1.0,8.14688069095891,-2.63013849508897,-0.800714567750808,-10.6418084137424,1,8.14688069095891,8.14688069095891,1.0,8.14688069095891,0.0476190476190476,0.0476190476190476,1.0,1.0,0.0476190476190476,1.0,1.0,5.0,0.0,6.0,1.0,1.0,0.0,0.0,1.0,0.0,0.0,0.0
91425-90-0,CCN(CC)C1CCCC1O,-0.5316241349003016,-1.809386113311556,157.146664228,30.0,11.0,1.0,3.0,2.0,1.0,23.47,40.9742,0.702,1.98845886851293,20.0028643686631,220.021104226784,-1.78564814721882,-0.334373632770019,-6.05287127240777,7.72365756865843,6.88473223988668,1.0,10.8271289915521,-3.33867216785543,-1.43883251858727,-10.4405877823957,0,10.8271289915521,10.8271289915521,1.0,10.8271289915521,0.0333333333333333,0.0333333333333333,0.0,0.0,0.0333333333333333,2.0,1.0,5.0,1.0,9.0,1.0,1.0,2.0,0.0,0.0,0.0,0.0,0.0
873376-29-5,CC(CO)CN1CCCC1,-0.7947100816655801,-1.8275417050414315,143.131014164,27.0,10.0,1.0,3.0,2.0,1.0,23.47,38.6699,0.808,1.25375424599736,9.3196153116249,199.983884058114,-1.69439249639375,0.413423374024556,-6.29799143585616,5.03286689062818,6.40873214297932,1.0,10.2275197709822,-3.47377365816656,-1.57441109257124,-10.4296776076286,1,10.2275197709822,10.2275197709822,1.0,10.2275197709822,0.037037037037037,0.037037037037037,1.0,1.0,0.037037037037037,1.0,1.0,6.0,1.0,8.0,1.0,1.0,1.0,0.0,0.0,0.0,0.0,0.0
13297-91-1,OCCN(CCO)CCCN1CCOCC1,0.1604799990674887,-1.6420781506239293,232.178692628,40.0,16.0,1.0,8.0,5.0,2.0,56.17,62.5779,1.468,-0.383810578785611,132.077802214625,281.576810865836,-7.51959053578583,-0.0207096679787893,-8.70339093392966,4.28785530733331,8.15540031007565,1.0,7.45697490169746,-2.34555443030317,-0.714261670088556,-10.6356639559187,1,3.72848745084873,14.91394980339492,1.5,11.185462352546187,0.05,0.075,0.5,0.5,0.025,0.0,2.0,11.0,2.0,11.0,2.0,3.0,0.0,0.0,1.0,0.0,0.0,0.0
4500-30-5,OCCCN(CCCO)C1CCCCC1,-0.3277651220735201,-1.7649904934647234,215.18852904,40.0,15.0,1.0,7.0,3.0,2.0,43.7,50.6551,1.13,2.46917044922937,50.7860282039629,283.463486294874,-4.704487598807,-0.154256136019727,-6.01975816709772,10.1923983620842,8.14076284423311,1.0,9.92621094849367,-1.95705677592178,-0.0583315035998089,-10.6309413114071,0,9.92621094849367,9.92621094849367,2.0,19.85242189698734,0.025,0.05,0.0,0.0,0.025,0.0,1.0,11.0,2.0,12.0,1.0,2.0,1.0,0.0,0.0,0.0,0.0,0.0
140-82-9,CCN(CC)CCOCCO,-0.505362758439427,-1.7810111240802016,161.141578848,30.0,11.0,0.0,7.0,3.0,1.0,32.7,45.9115,0.815,0.318512980707174,-3.8898522043519,221.421011814091,-0.928556755749674,0.477764351851339,-8.34439506085208,6.23369459902585,6.77351415687581,1.0,9.42799270487917,-3.60953098268189,-1.71353260273614,-10.4018032673091,0,9.42799270487917,9.42799270487917,2.0,18.85598540975834,0.0333333333333333,0.0666666666666666,0.0,0.0,0.0,2.0,1.0,6.0,1.0,8.0,1.0,2.0,0.0,0.0,1.0,0.0,0.0,0.0
1087704-96-8,CC(C)C(O)CCN1CCCCC1,-0.6183847292052153,-1.814376506107056,185.177964356,36.0,13.0,1.0,4.0,2.0,1.0,23.47,48.9113,0.769,2.75005766365975,68.6508621954293,236.82770188139,-1.63462649098964,-0.684922061703763,-5.06558224002379,10.4141065793917,8.37064553112069,1.0,10.4691153730361,-2.21906237238913,-0.319427949775004,-10.5656539183129,1,10.4691153730361,10.4691153730361,1.0,10.4691153730361,0.0277777777777777,0.0277777777777777,1.0,1.0,0.0277777777777777,2.0,1.0,7.0,1.0,11.0,1.0,1.0,2.0,0.0,0.0,0.0,0.0,0.0
30727-29-8,CN(C)C1CCCCC1O,-0.7598968300874117,-1.82399058410512,143.131014164,27.0,10.0,1.0,1.0,2.0,1.0,23.47,35.2982,0.702,1.21702944568913,62.1405632507868,198.036739481651,-1.60776139826666,0.0374960674054001,-6.21193715435249,5.14255510766516,6.01943660732388,1.0,10.3200160015083,-3.60299312884018,-1.70350835979237,-10.4499907425326,0,10.3200160015083,10.3200160015083,1.0,10.3200160015083,0.037037037037037,0.037037037037037,0.0,0.0,0.037037037037037,2.0,1.0,4.0,1.0,8.0,1.0,1.0,2.0,0.0,0.0,0.0,0.0,0.0
58883-81-1,CCN(CC)CCCN(CCO)CCO,-0.1198585011377474,-1.7235644420384617,218.199428072,41.0,15.0,0.0,10.0,4.0,2.0,46.94,62.091,1.133,-0.268029883592387,37.2574234770113,268.339592725119,-6.22028832846145,0.275285608584227,-8.65249359225521,6.49232257652563,8.0889193572415,1.0,9.03945236841862,-3.8076076438424,-1.91733138652542,-10.6415710668906,0,4.51972618420931,18.07890473683724,1.0,9.03945236841862,0.048780487804878,0.048780487804878,0.0,0.0,0.0,2.0,2.0,9.0,2.0,11.0,2.0,2.0,0.0,0.0,0.0,0.0,0.0,0.0
14400-71-6,CC1OC(CN(C)C)CC1O,-0.1335236706053705,-1.714126871266669,159.125928784,28.0,11.0,1.0,2.0,3.0,1.0,32.7,42.1913,0.848,0.455217167571337,-11.1645708853152,205.304788985265,-2.24844500473313,0.56258525096386,-6.29632790866458,3.39107980022618,6.1471896475692,1.0,8.42798017593245,-2.47327533618943,-0.6116852358328,-10.4239793314537,0,8.42798017593245,8.42798017593245,2.0,16.8559603518649,0.0357142857142857,0.0714285714285714,0.0,0.0,0.0357142857142857,3.0,1.0,2.0,1.0,8.0,1.0,2.0,3.0,0.0,1.0,0.0,0.0,0.0
854464-00-9,CC(O)CCN(CCO)CCO,-0.2019115142008607,-1.7325826681968952,177.136493468,31.0,12.0,0.0,7.0,4.0,3.0,63.93,46.361,1.168,-0.84090063487652,34.5732650585206,296.937423957344,-3.87644187580528,0.680231643852419,-9.4809517728261,2.39740559955725,7.89146922018467,1.0,8.76691496594371,-4.10805042992665,-2.22608410852815,-10.5821753321999,0,8.76691496594371,8.76691496594371,3.0,26.30074489783113,0.032258064516129,0.0967741935483871,0.0,0.0,0.0,1.0,1.0,6.0,3.0,8.0,1.0,3.0,1.0,0.0,0.0,0.0,0.0,0.0
872816-90-5,CC1CCCCN1CCCCCCO,-0.1940897629611417,-1.7482768859663,199.19361442,39.0,14.0,1.0,6.0,2.0,1.0,23.47,49.277,0.808,3.12276090063807,54.9003045627523,241.703917157909,-4.3760565766208,-1.56200356949306,-5.0192265642459,12.6614019557715,8.71196670701115,1.0,10.0656952510944,-1.44294615592291,0.456128906224622,-10.5734296243025,1,10.0656952510944,10.0656952510944,1.0,10.0656952510944,0.0256410256410256,0.0256410256410256,1.0,1.0,0.0256410256410256,1.0,1.0,10.0,1.0,12.0,1.0,1.0,1.0,0.0,0.0,0.0,0.0,0.0
4402-30-6,CC(O)CN(C)CC(C)O,-0.064654703880272,-1.708925649371979,147.125928784,27.0,10.0,0.0,4.0,3.0,2.0,43.7,41.7415,0.807,-0.0073889083559912,15.9697844010239,240.027907409877,-3.19553992502012,0.655926664715909,-8.52620814813567,0.0,7.58945998555214,1.0,8.74780759208667,-3.2554418888372,-1.37426891222,-10.3953881324919,0,8.74780759208667,8.74780759208667,2.0,17.49561518417334,0.037037037037037,0.074074074074074,0.0,0.0,0.0,3.0,1.0,2.0,2.0,7.0,1.0,2.0,2.0,0.0,0.0,0.0,0.0,0.0
2842-41-3,CN(CCO)C1CCCCC1,-0.5458193559528078,-1.7977836626680743,157.146664228,30.0,11.0,1.0,3.0,2.0,1.0,23.47,38.5396,0.741,1.79992241256574,48.7019610816306,220.40303453951,-1.87086118571925,-0.272955768638531,-6.27504148382802,7.84003697867934,7.73012222115042,1.0,10.3045581204087,-3.00464251902967,-1.10517640715026,-10.4293998113766,0,10.3045581204087,10.3045581204087,1.0,10.3045581204087,0.0333333333333333,0.0333333333333333,0.0,0.0,0.0333333333333333,1.0,1.0,7.0,1.0,9.0,1.0,1.0,1.0,0.0,0.0,0.0,0.0,0.0
3492-47-5,CCN(CC)CC(O)CN(CC)CC,-0.2746259846286721,-1.7584033856810697,202.204513452,40.0,14.0,0.0,8.0,3.0,1.0,26.71,61.1449,0.772,1.69726164768404,-27.077400664025,220.849254876314,-3.24418350695188,-0.431820006218384,-5.40004192762322,9.73344172911357,8.35103005291912,1.0,9.89996359646295,-2.70271923945875,-0.804073256371584,-10.4555620113131,0,4.949981798231475,19.7999271929259,0.5,4.949981798231475,0.05,0.025,0.0,0.0,0.0,4.0,2.0,6.0,1.0,11.0,2.0,1.0,1.0,0.0,0.0,0.0,0.0,0.0
854665-75-1,OCCCSCCN1CCOCC1,0.1639831188100563,-1.5841808557681285,205.113649848,32.0,13.0,1.0,6.0,3.0,1.0,58.0,55.4844,1.221,0.809944142652251,82.960242315943,268.648786949079,-4.1248548461646,-0.517013471228488,-6.56003430069093,6.58967615348667,9.25296252399171,1.0,6.25278905649454,-0.0135068222487827,0.78005302918369,-10.5778618877155,1,6.25278905649454,6.25278905649454,3.0,18.75836716948362,0.03125,0.09375,1.0,1.0,0.03125,0.0,1.0,9.0,1.0,9.0,1.0,2.0,0.0,0.0,1.0,1.0,1.0,0.0
59941-28-5,CCCCCCCC1CCCN1CCCO,-0.1347354765263025,-1.7230241681824312,227.224914548,45.0,16.0,1.0,9.0,2.0,1.0,23.47,55.1002,0.808,4.35513060775826,8.35210253172349,251.91885530937,-5.309393361475,-2.05712185361592,-4.98383500360563,17.19109528882,8.6275567581738,1.0,8.65391019192077,1.20091582150847,3.07766751265632,-10.6245037323466,1,8.65391019192077,8.65391019192077,1.0,8.65391019192077,0.0222222222222222,0.0222222222222222,1.0,1.0,0.0222222222222222,1.0,1.0,12.0,1.0,14.0,1.0,1.0,1.0,0.0,0.0,0.0,0.0,0.0
1039627-29-6,CCC(O)CCCN1CCCC1,-0.5322832897829946,-1.793845318839907,171.162314292,33.0,12.0,1.0,5.0,2.0,1.0,23.47,43.4538,0.808,2.33075146752676,18.7429087821246,236.985499876673,-1.97367049382217,-0.451789472422171,-5.66500214256824,8.4980379916032,7.72562563588831,1.0,10.083375455603,-2.2526353225977,-0.35352340089228,-10.4454642767976,1,10.083375455603,10.083375455603,1.0,10.083375455603,0.0303030303030303,0.0303030303030303,1.0,1.0,0.0303030303030303,1.0,1.0,8.0,1.0,10.0,1.0,1.0,1.0,0.0,0.0,0.0,0.0,0.0
144205-48-1,CCCN(CCCO)CCCO,-0.4524439305835262,-1.775290491765166,175.157228912,33.0,12.0,0.0,8.0,3.0,2.0,43.7,46.2217,1.019,0.712023451291381,5.71321997319496,249.296970635347,-3.18529903053759,0.799324767559661,-6.85190727027815,6.50314921240931,7.83922206140419,1.0,9.42971751241582,-3.21774511647599,-1.32173094996581,-10.4533470657227,0,9.42971751241582,9.42971751241582,2.0,18.85943502483164,0.0303030303030303,0.0606060606060606,0.0,0.0,0.0,1.0,1.0,8.0,2.0,9.0,1.0,2.0,0.0,0.0,0.0,0.0,0.0,0.0
4667-57-6,SCCCCCN1CCCCC1,0.0065764776582287,-1.6950838893676132,187.139470672,33.0,12.0,1.0,5.0,1.0,0.0,42.04,47.908,1.243,2.78270050187043,21.5883144317838,228.391994840759,-2.02989983190141,-1.88593903473782,-9.05051845119686,12.2493059299824,5.71833759838713,2.0,8.47238887103526,-0.190150924976414,1.67502324592678,-10.4577643678032,1,8.47238887103526,8.47238887103526,1.0,8.47238887103526,0.0303030303030303,0.0303030303030303,1.0,1.0,0.0303030303030303,0.0,1.0,10.0,0.0,10.0,1.0,0.0,0.0,0.0,0.0,0.0,1.0,1.0
110513-60-5,CC(C)(O)CCN1CCCCC1,-0.7459239817809641,-1.828147545132268,171.162314292,33.0,12.0,1.0,3.0,2.0,1.0,23.47,45.0136,0.768,2.36798807852922,67.6335815697048,235.317575949839,-2.20971537895552,-0.379788544767029,-5.69230002505916,9.19376177782505,7.71374984208137,1.0,10.4400636789448,-2.57208058602369,-0.672471443166339,-10.4480237310284,1,10.4400636789448,10.4400636789448,1.0,10.4400636789448,0.0303030303030303,0.0303030303030303,1.0,1.0,0.0303030303030303,2.0,1.0,7.0,1.0,10.0,1.0,1.0,0.0,1.0,0.0,0.0,0.0,0.0
15520-05-5,CCCCCCCCN(CCO)CCO,0.1463605016447033,-1.6623914234984674,217.204179104,42.0,15.0,0.0,11.0,3.0,2.0,43.7,54.9565,0.885,2.6428613250263,14.8792382333395,279.070615602448,-4.52772977649741,-1.31643028412106,-9.08454254387189,14.6374949163271,8.1157316298173,1.0,7.94984059905779,0.19148195459125,1.98515243202006,-10.63685332261,0,7.94984059905779,7.94984059905779,2.0,15.89968119811558,0.0238095238095238,0.0476190476190476,0.0,0.0,0.0,1.0,1.0,11.0,2.0,12.0,1.0,2.0,0.0,0.0,0.0,0.0,0.0,0.0
42434-24-2,CN(CCCO)CCCN(C)CCCO,-0.0549494011136457,-1.720108929604344,218.199428072,41.0,15.0,0.0,10.0,4.0,2.0,46.94,59.3266,1.267,-0.0291844335384422,37.2606274152301,268.709238150869,-6.22724706473138,0.456505234364014,-6.62922712453035,6.95983058693558,8.10302154063938,1.0,9.53290663932339,-4.06213133135749,-2.16527735008708,-10.6536505105616,0,4.766453319661695,19.06581327864678,1.0,9.53290663932339,0.048780487804878,0.048780487804878,0.0,0.0,0.0,2.0,2.0,9.0,2.0,11.0,2.0,2.0,0.0,0.0,0.0,0.0,0.0,0.0
106694-59-1,CN(CCO)CCCO,-0.2813206429425565,-1.7439389115182575,133.11027872,24.0,9.0,0.0,5.0,3.0,2.0,43.7,35.4843,0.952,-0.612041311993467,-26.8353770247861,240.308602344763,-3.47604736625498,0.897126364584586,-7.49504793097463,0.364514375691488,7.59125423207938,1.0,9.02635257034891,-4.13852311346701,-2.24854112950069,-10.4011150219138,0,9.02635257034891,9.02635257034891,2.0,18.05270514069782,0.0416666666666666,0.0833333333333333,0.0,0.0,0.0,1.0,1.0,5.0,2.0,6.0,1.0,2.0,0.0,0.0,0.0,0.0,0.0,0.0
2421-02-5,CCC(O)CN(CC(O)CC)CC(O)CC,-0.253218905292113,-1.7498508508890975,233.199093724,43.0,16.0,0.0,9.0,4.0,3.0,63.93,61.353,1.023,1.0482946553412,60.0876821677227,302.169017920603,-6.9543026730697,-0.337517798985019,-9.92547398700932,6.29159671502086,8.321683079821,1.0,9.24627110230149,-2.698054335626,-0.804120255641145,-10.7888157008253,0,9.24627110230149,9.24627110230149,3.0,27.73881330690447,0.0232558139534883,0.0697674418604651,0.0,0.0,0.0,3.0,1.0,6.0,3.0,12.0,1.0,3.0,3.0,0.0,0.0,0.0,0.0,0.0
4767-14-0,OCCCN(CCO)CCO,-0.2336666289178491,-1.7275234759653126,163.120843404,28.0,11.0,0.0,7.0,4.0,3.0,63.93,41.7766,1.207,-0.938115362731417,14.2715711612238,303.36099983311,-4.47655012851467,0.807189655658668,-9.78745306272556,0.460989369899607,7.89082539522686,1.0,8.18496974413305,-3.62398122740022,-1.78906435566577,-10.4017027160348,0,8.18496974413305,8.18496974413305,3.0,24.554909232399147,0.0357142857142857,0.1071428571428571,0.0,0.0,0.0,0.0,1.0,7.0,3.0,7.0,1.0,3.0,0.0,0.0,0.0,0.0,0.0,0.0
4402-34-0,CCCCN(CC(C)O)CC(C)O,-0.3088091028777018,-1.7553230817534522,189.172878976,36.0,13.0,0.0,7.0,3.0,2.0,43.7,52.4789,0.807,1.46225913149857,6.7797680286288,246.408532251213,-2.82777752523519,-0.3067810402131,-9.06696933732066,7.38060611194085,7.83954645186863,1.0,9.29306705921418,-2.3308778607359,-0.436328120336559,-10.5935053465492,0,9.29306705921418,9.29306705921418,2.0,18.58613411842836,0.0277777777777777,0.0555555555555555,0.0,0.0,0.0,3.0,1.0,5.0,2.0,10.0,1.0,2.0,2.0,0.0,0.0,0.0,0.0,0.0
10315-98-7,CC(C)CN1CCOCC1,0.0695413559186915,-1.6762786916153682,143.131014164,27.0,10.0,1.0,2.0,2.0,0.0,12.47,42.3459,0.671,1.16994371738431,-49.5151255603951,181.061582616123,0.23633742335938,-0.705503426081681,-4.63667065125524,6.38902848228999,4.47900812278212,1.0,8.15924254625693,-1.49024957880535,0.341002209524233,-10.516459498086,1,8.15924254625693,8.15924254625693,1.0,8.15924254625693,0.037037037037037,0.037037037037037,1.0,1.0,0.037037037037037,2.0,1.0,5.0,0.0,8.0,1.0,1.0,1.0,0.0,1.0,0.0,0.0,0.0
934-90-7,CC(O)CN1CCCCC1,-0.6484087023749894,-1.8077061502801903,143.131014164,27.0,10.0,1.0,2.0,2.0,1.0,23.47,37.6306,0.741,1.26990480083304,49.3754605778988,199.323726736843,-1.54008564316784,0.407866262981853,-6.15597597572682,6.78084174445076,6.28365148733383,1.0,10.1760350571503,-3.40613941313722,-1.50685700763485,-10.438930468801,1,10.1760350571503,10.1760350571503,1.0,10.1760350571503,0.037037037037037,0.037037037037037,1.0,1.0,0.037037037037037,1.0,1.0,6.0,1.0,8.0,1.0,1.0,1.0,0.0,0.0,0.0,0.0,0.0
94473-23-1,CCCCN(CCCC)CCCCO,-0.2703153623640476,-1.7655473638803805,201.209264484,41.0,14.0,0.0,10.0,2.0,1.0,23.47,53.5784,0.697,3.19626850243097,-31.6178181370811,227.997515401781,-3.05966697841833,-1.49510513207205,-4.7093222464048,14.0684258878882,8.6414964000609,1.0,10.2332802083223,-1.53701973190865,0.362351226491096,-10.5772989735101,0,10.2332802083223,10.2332802083223,1.0,10.2332802083223,0.024390243902439,0.024390243902439,0.0,0.0,0.0,2.0,1.0,10.0,1.0,12.0,1.0,1.0,0.0,0.0,0.0,0.0,0.0,0.0
854815-53-5,CN(CCO)C1CCCCC1O,-0.4285830940604988,-1.771264902234573,173.141578848,31.0,12.0,1.0,3.0,3.0,2.0,43.7,41.5905,0.957,0.926805235578807,68.8161106834895,256.285456149762,-2.65505042405663,0.57270481474812,-8.52542019930312,4.76711321738751,7.84137237860839,1.0,9.56669944420338,-3.13993145347586,-1.24284276715872,-10.5638913284216,0,9.56669944420338,9.56669944420338,2.0,19.13339888840676,0.032258064516129,0.064516129032258,0.0,0.0,0.032258064516129,1.0,1.0,6.0,2.0,9.0,1.0,2.0,2.0,0.0,0.0,0.0,0.0,0.0
104-58-5,OCCCN1CCCCC1,-0.5793012932010673,-1.802184550336504,143.131014164,27.0,10.0,1.0,3.0,2.0,1.0,23.47,35.9578,0.847,1.12497296280101,45.538309890199,206.415861694584,-2.48247328236537,0.418151375442231,-6.31243117234179,6.72145928680306,6.97436084234634,1.0,10.3348135947949,-3.70984698482833,-1.81034496631616,-10.5175440434409,1,10.3348135947949,10.3348135947949,1.0,10.3348135947949,0.037037037037037,0.037037037037037,1.0,1.0,0.037037037037037,0.0,1.0,8.0,1.0,8.0,1.0,1.0,0.0,0.0,0.0,0.0,0.0,0.0
622-40-2,OCCN1CCOCC1,0.1907440962500579,-1.627309281647253,131.094628656,22.0,9.0,1.0,2.0,3.0,1.0,32.7,35.3549,0.965,0.119140521937714,-1.51986511967982,226.864218721288,-1.01769359667279,0.917035930157518,-8.53412355665166,0.812996435812826,5.87044422164476,1.0,7.28025156691259,-1.66825527994894,-0.12612954232339,-10.5663361886385,1,7.28025156691259,7.28025156691259,2.0,14.56050313382518,0.0454545454545454,0.0909090909090909,1.0,1.0,0.0454545454545454,0.0,1.0,6.0,1.0,6.0,1.0,2.0,0.0,0.0,1.0,0.0,0.0,0.0
70787-41-6,CC(C)(CO)N(CCO)CCO,-0.3609079913713789,-1.7577930656626588,177.136493468,31.0,12.0,0.0,6.0,4.0,3.0,63.93,47.9208,1.061,-0.836405348340168,35.5638503900226,297.797315835472,-4.4519808902348,0.577195480641291,-10.4783811609135,1.02664404466518,7.89086003728499,1.0,8.96294849695687,-4.29950338655909,-2.4110747778739,-10.5655648676056,0,8.96294849695687,8.96294849695687,3.0,26.888845490870608,0.032258064516129,0.0967741935483871,0.0,0.0,0.0,2.0,1.0,5.0,3.0,8.0,1.0,3.0,0.0,1.0,0.0,0.0,0.0,0.0
82718-59-0,CN(C)CC(CO)(CO)CN(C)C,-0.4151423747582276,-1.7675232364101163,190.168127944,35.0,13.0,0.0,6.0,4.0,2.0,46.94,55.1813,1.188,-0.652881529754168,25.9049868639495,265.982388382958,-3.58490172454814,0.603078427553366,-6.66908464894134,2.85710646601919,7.84045524510696,1.0,9.17735167968785,-4.33032449182932,-2.43742491366088,-10.5869965617381,0,4.588675839843925,18.3547033593757,1.0,9.17735167968785,0.0571428571428571,0.0571428571428571,0.0,0.0,0.0,4.0,2.0,4.0,2.0,9.0,2.0,2.0,0.0,1.0,0.0,0.0,0.0,0.0
106694-60-4,OCCCN1CCCCC1CCO,-0.7342234186231764,-1.827813474733509,187.157228912,34.0,13.0,1.0,5.0,3.0,2.0,43.7,44.8319,1.13,0.505322618618265,45.2121131692452,272.217492634941,-3.81739992583588,0.496443693836647,-6.59906831742636,7.05588341980758,7.95334000832182,1.0,10.5249070930415,-4.51958857528539,-2.61991009691617,-10.5669866837906,1,10.5249070930415,10.5249070930415,2.0,21.049814186083,0.0294117647058823,0.0588235294117647,1.0,1.0,0.0294117647058823,0.0,1.0,9.0,2.0,10.0,1.0,2.0,1.0,0.0,0.0,0.0,0.0,0.0
1005-67-0,CCCCN1CCOCC1,-0.1125936658030246,-1.706843707771991,143.131014164,27.0,10.0,1.0,3.0,2.0,0.0,12.47,39.8,0.71,1.1566951511581,-57.0364791959236,213.267256000441,0.317128056978364,-0.592607388598766,-4.63366889209186,7.48321138671609,4.31483310153676,1.0,8.19983970143178,-1.54401053761608,0.292941482140758,-10.5086004910105,1,8.19983970143178,8.19983970143178,1.0,8.19983970143178,0.037037037037037,0.037037037037037,1.0,1.0,0.037037037037037,1.0,1.0,7.0,0.0,8.0,1.0,1.0,0.0,0.0,1.0,0.0,0.0,0.0
6735-35-9,CCCN(CCO)CCO,-0.1945919298970492,-1.7274702963781072,147.125928784,27.0,10.0,0.0,6.0,3.0,2.0,43.7,40.3985,0.885,0.0031304063167351,-6.72487165284442,243.820905077185,-2.96726098642656,0.878296339757305,-8.52653891973202,2.03848543894789,7.44319764805269,1.0,8.65743364391579,-3.15460537159294,-1.27767085701507,-10.3920252621669,0,8.65743364391579,8.65743364391579,2.0,17.31486728783158,0.037037037037037,0.074074074074074,0.0,0.0,0.0,1.0,1.0,6.0,2.0,7.0,1.0,2.0,0.0,0.0,0.0,0.0,0.0,0.0
20473-84-1,CCN(CC)CCCC(O)CO,-0.6207300205863194,-1.822739158874488,175.157228912,33.0,12.0,0.0,7.0,3.0,2.0,43.7,46.6537,0.965,0.882576983011817,17.2183495784621,250.277183302488,-3.82091111298712,0.0121333510619507,-9.02462221394278,6.23409736610131,7.84060197392939,1.0,10.8172828529998,-4.43470796169284,-2.5348719886392,-10.5704106721224,0,10.8172828529998,10.8172828529998,2.0,21.6345657059996,0.0303030303030303,0.0606060606060606,0.0,0.0,0.0,2.0,1.0,6.0,2.0,9.0,1.0,2.0,1.0,0.0,0.0,0.0,0.0,0.0
57567-83-6,CN(C)CCCN(CCO)CCO,-0.1994184277969509,-1.7327704456411228,190.168127944,35.0,13.0,0.0,8.0,4.0,2.0,46.94,53.5034,1.133,-0.768511076664089,36.9218382769177,265.094027144836,-5.44070800439115,0.623434578893682,-8.62888488563814,3.1973737724231,7.91935909106145,1.0,8.94711844329083,-4.21578461157046,-2.32777953173835,-10.5889356368342,0,4.473559221645415,17.89423688658166,1.0,8.94711844329083,0.0571428571428571,0.0571428571428571,0.0,0.0,0.0,2.0,2.0,7.0,2.0,9.0,2.0,2.0,0.0,0.0,0.0,0.0,0.0,0.0
20966-69-2,CN(C)CCN1CCN(CCO)CC1,-0.6084392577545,-1.7854872134656794,201.184112356,37.0,14.0,1.0,5.0,4.0,1.0,29.95,60.3496,1.276,-0.165043333185176,74.3047250374679,252.664373157707,-4.27359500986877,0.83000826545799,-8.82276280736274,2.65052625149627,8.51083592004623,1.0,8.63339648261329,-3.29875913729661,-1.42310016989345,-10.4432099319217,1,2.877798827537763,25.900189447839868,0.3333333333333333,2.877798827537763,0.081081081081081,0.027027027027027,0.3333333333333333,0.3333333333333333,0.027027027027027,2.0,3.0,8.0,1.0,10.0,3.0,1.0,0.0,0.0,0.0,0.0,0.0,0.0
4344-62-1,OCCCCCN1CCOCC1,-0.1153344556816981,-1.7131203055237525,173.141578848,31.0,12.0,1.0,5.0,3.0,1.0,32.7,44.0897,1.032,0.570011856243716,39.1323014709976,252.46247560515,-2.45137678801276,0.471693898066945,-8.43200332293048,5.58979885244031,7.74397057281275,1.0,8.55310180482059,-2.483474089364,-0.612591721802218,-10.4269420339004,1,8.55310180482059,8.55310180482059,2.0,17.10620360964118,0.032258064516129,0.064516129032258,1.0,1.0,0.032258064516129,0.0,1.0,9.0,1.0,9.0,1.0,2.0,0.0,0.0,1.0,0.0,0.0,0.0
98956-90-2,OCCN(CCO)C1CCCC1,-0.5124689043504405,-1.7810063518518555,173.141578848,31.0,12.0,1.0,5.0,3.0,2.0,43.7,41.9203,0.996,0.928621377946662,29.0970347423774,256.944073840059,-3.60196441624874,0.811503996442024,-8.52564711131235,4.44605230036409,7.83923151442632,1.0,9.40956487436884,-2.98099697658201,-1.08517119361468,-10.4420838020715,0,9.40956487436884,9.40956487436884,2.0,18.81912974873768,0.032258064516129,0.064516129032258,0.0,0.0,0.032258064516129,0.0,1.0,8.0,2.0,9.0,1.0,2.0,1.0,0.0,0.0,0.0,0.0,0.0
10353-86-3,CC(O)CN(CCO)CC(C)O,-0.0747843959719411,-1.709083075834251,177.136493468,31.0,12.0,0.0,6.0,4.0,3.0,63.93,48.0338,1.062,-0.845967597173148,25.303069381101,298.75181121108,-4.35571890951215,0.572037485983187,-10.4795380682793,0.0,7.89075875399057,1.0,8.49601812707115,-3.84242379789199,-1.97547560820545,-10.5576882080421,0,8.49601812707115,8.49601812707115,3.0,25.48805438121345,0.032258064516129,0.0967741935483871,0.0,0.0,0.0,2.0,1.0,4.0,3.0,8.0,1.0,3.0,2.0,0.0,0.0,0.0,0.0,0.0
21461-57-4,CCN(CCO)C1CCCCC1,-0.6832362928598952,-1.8191906684408303,171.162314292,33.0,12.0,1.0,4.0,2.0,1.0,23.47,42.8334,0.741,2.3269225472884,52.3334765334427,235.339185265432,-1.87761288486707,-0.869262337553142,-5.96489361669986,9.6010377462525,7.71622663353797,1.0,10.4332512222145,-2.60633373935592,-0.706730773029395,-10.4475951603902,0,10.4332512222145,10.4332512222145,1.0,10.4332512222145,0.0303030303030303,0.0303030303030303,0.0,0.0,0.0303030303030303,1.0,1.0,8.0,1.0,10.0,1.0,1.0,1.0,0.0,0.0,0.0,0.0,0.0
6852-28-4,CCN(CC(C)O)CC(C)O,-0.404314822847473,-1.764308296568633,161.141578848,30.0,11.0,0.0,5.0,3.0,2.0,43.7,46.0353,0.807,0.587837145152978,18.443871967717,248.763363031124,-3.21741902308239,0.572210075317804,-8.52533145394045,3.29698017971959,7.61086989441542,1.0,9.06010015250733,-2.97238257794433,-1.0816597496425,-10.4061056068654,0,9.06010015250733,9.06010015250733,2.0,18.12020030501466,0.0333333333333333,0.0666666666666666,0.0,0.0,0.0,3.0,1.0,3.0,2.0,8.0,1.0,2.0,2.0,0.0,0.0,0.0,0.0,0.0
14002-34-7,OCCCN(CCCO)CCCO,-0.2994841174838772,-1.75230152140174,191.152143532,34.0,13.0,0.0,9.0,4.0,3.0,63.93,47.5998,1.341,0.595852737726569,21.5498441398463,296.679609036554,-4.27838285720306,0.266240515160857,-7.37578404985277,4.55610137365175,8.31752995555869,1.0,9.20950426811017,-3.11373629950033,-1.22033396230517,-10.5854547905226,0,9.20950426811017,9.20950426811017,3.0,27.62851280433051,0.0294117647058823,0.088235294117647,0.0,0.0,0.0,0.0,1.0,9.0,3.0,9.0,1.0,3.0,0.0,0.0,0.0,0.0,0.0,0.0
6712-98-7,CC(O)CN(CCO)CCO,-0.0085657988544415,-1.6961113584856002,163.120843404,28.0,11.0,0.0,6.0,4.0,3.0,63.93,43.4494,1.101,-0.939046937748629,32.9254765992144,305.019061739727,-4.45371589522548,0.583833191876852,-10.2367518471515,0.0,7.8901574333735,1.0,8.42704974953558,-3.86661011324383,-2.00509875190067,-10.4341048914953,0,8.42704974953558,8.42704974953558,3.0,25.28114924860674,0.0357142857142857,0.1071428571428571,0.0,0.0,0.0,1.0,1.0,5.0,3.0,7.0,1.0,3.0,1.0,0.0,0.0,0.0,0.0,0.0
2109-66-2,CC(O)CN1CCOCC1,0.1062337365828474,-1.643512243390609,145.11027872,25.0,10.0,1.0,2.0,3.0,1.0,32.7,39.9393,0.926,0.278098070484274,37.4716938381431,207.315437761688,-2.02214117774957,0.869032732690436,-8.49248850209345,2.38799901575508,6.09792770008898,1.0,7.26484586834129,-1.4941478226841,0.0394086592292232,-10.3127748071616,1,7.26484586834129,7.26484586834129,2.0,14.52969173668258,0.04,0.08,1.0,1.0,0.04,1.0,1.0,5.0,1.0,7.0,1.0,2.0,1.0,0.0,1.0,0.0,0.0,0.0
6289-52-7,CCCCN(CCCC)CC(O)CO,-0.483319296262047,-1.786044607748404,203.18852904,39.0,14.0,0.0,9.0,3.0,2.0,43.7,53.7177,0.898,2.22547373001567,15.5310140191759,279.370150569595,-2.90541672787644,-0.696248327488084,-5.75693231093561,10.3456875666234,7.95953169386524,1.0,9.76446200514702,-2.03901189679576,-0.140860619795979,-10.6369425652873,0,9.76446200514702,9.76446200514702,2.0,19.52892401029404,0.0256410256410256,0.0512820512820512,0.0,0.0,0.0,2.0,1.0,8.0,2.0,11.0,1.0,2.0,1.0,0.0,0.0,0.0,0.0,0.0
115188-50-6,CN(CCO)CCOCCN(C)CCO,0.0469905483904769,-1.693510554917976,220.178692628,39.0,15.0,0.0,10.0,5.0,2.0,56.17,61.6353,1.318,-0.384869777453004,37.0979865776989,269.040549224318,-6.35448194490012,0.490828035784305,-8.68647499647285,1.56888663808724,8.07498215625062,1.0,8.81279838071905,-3.69787944882294,-1.81413932324267,-10.6328704201142,0,4.406399190359525,17.6255967614381,1.5,13.219197571078574,0.0512820512820512,0.0769230769230769,0.0,0.0,0.0,2.0,2.0,8.0,2.0,10.0,2.0,3.0,0.0,0.0,1.0,0.0,0.0,0.0
4711-14-2,OCCCCCCN1CCCCC1,-0.4939147800980981,-1.792333645594434,185.177964356,36.0,13.0,1.0,6.0,2.0,1.0,23.47,44.6926,0.847,2.31498028574036,61.5821794170009,238.631685733454,-3.33398600350654,-1.12141479115733,-5.38810767374541,10.5606671761272,8.5700618759453,1.0,10.2632264205642,-2.44825362607137,-0.548840783604175,-10.4338015397472,1,10.2632264205642,10.2632264205642,1.0,10.2632264205642,0.0277777777777777,0.0277777777777777,1.0,1.0,0.0277777777777777,0.0,1.0,11.0,1.0,11.0,1.0,1.0,0.0,0.0,0.0,0.0,0.0,0.0
122-20-3,CC(O)CN(CC(C)O)CC(C)O,-0.3588396310653509,-1.758428922275634,191.152143532,34.0,13.0,0.0,6.0,4.0,3.0,63.93,52.6182,1.023,0.177282215684165,44.9577658153534,304.982528965778,-4.7619043365151,0.636576939474237,-10.1093915197284,1.05352874073274,7.8913985206685,1.0,8.90018632939618,-3.22307690091936,-1.33641932537249,-10.5863403400026,0,8.90018632939618,8.90018632939618,3.0,26.70055898818854,0.0294117647058823,0.088235294117647,0.0,0.0,0.0,3.0,1.0,3.0,3.0,9.0,1.0,3.0,3.0,0.0,0.0,0.0,0.0,0.0
59941-12-7,CCCCCC1CCCN1CCO,-0.3829471508185438,-1.760750719533497,185.177964356,36.0,13.0,1.0,6.0,2.0,1.0,23.47,46.3654,0.741,2.52809173972299,6.67660265718497,236.979214416338,-2.01458517864523,-1.48847409718628,-5.05245202072213,12.2489043134026,8.43485539730896,1.0,8.98113350103959,-0.953185171206818,0.935711788845255,-10.4522765861741,1,8.98113350103959,8.98113350103959,1.0,8.98113350103959,0.0277777777777777,0.0277777777777777,1.0,1.0,0.0277777777777777,1.0,1.0,9.0,1.0,11.0,1.0,1.0,1.0,0.0,0.0,0.0,0.0,0.0
64897-89-8,CC(C)CCN(CCO)CCO,-0.3668865284321932,-1.7603567387787298,175.157228912,33.0,12.0,0.0,7.0,3.0,2.0,43.7,48.7676,0.846,0.772183733273107,14.9911499499636,251.679257800127,-4.42138967588413,0.210628039431491,-8.52414355655853,6.0177923207787,7.84505089924902,1.0,9.13004404838149,-2.857962101418,-0.965872080473858,-10.5699798749674,0,9.13004404838149,9.13004404838149,2.0,18.26008809676298,0.0303030303030303,0.0606060606060606,0.0,0.0,0.0,2.0,1.0,6.0,2.0,9.0,1.0,2.0,1.0,0.0,0.0,0.0,0.0,0.0
40694-17-5,CN(CCO)CCCCCO,-0.3799625969837424,-1.7695283088207068,161.141578848,30.0,11.0,0.0,7.0,3.0,2.0,43.7,41.3075,0.952,0.506444455608926,0.671285011460921,256.782805830679,-2.90591916363972,0.820274892358271,-8.51811330697165,4.02153736721139,7.85780764368309,1.0,9.89815403910296,-3.89172694636712,-1.99308660771146,-10.4163172022065,0,9.89815403910296,9.89815403910296,2.0,19.79630807820592,0.0333333333333333,0.0666666666666666,0.0,0.0,0.0,1.0,1.0,7.0,2.0,8.0,1.0,2.0,0.0,0.0,0.0,0.0,0.0,0.0
102-81-8,CCCCN(CCO)CCCC,-0.5499573847544986,-1.7997725590656162,173.177964356,35.0,12.0,0.0,8.0,2.0,1.0,23.47,47.7552,0.63,2.64866915841502,-74.7118769306915,228.933371398075,-2.09425772622282,-1.63766452424532,-4.89674672652931,10.8692925849798,7.71481208647829,1.0,10.2004608586446,-2.051800356267,-0.152478736854152,-10.4342788632459,0,10.2004608586446,10.2004608586446,1.0,10.2004608586446,0.0285714285714285,0.0285714285714285,0.0,0.0,0.0,2.0,1.0,8.0,1.0,10.0,1.0,1.0,0.0,0.0,0.0,0.0,0.0,0.0
2158-67-0,CN(CCCO)CCCO,-0.4865856702897043,-1.7768348555969322,147.125928784,27.0,10.0,0.0,6.0,3.0,2.0,43.7,38.3959,1.019,-0.119329097269685,-9.9680453069235,243.542127398538,-2.95438139367332,0.857961170537629,-7.24905564524174,2.01946955901437,7.70080698554288,1.0,9.31342500133155,-3.93282082934173,-2.03802302561873,-10.3980634996209,0,9.31342500133155,9.31342500133155,2.0,18.6268500026631,0.037037037037037,0.074074074074074,0.0,0.0,0.0,1.0,1.0,6.0,2.0,7.0,1.0,2.0,0.0,0.0,0.0,0.0,0.0,0.0
5842-08-0,CCCCN(CCS)CCCC,-0.6909770136881372,-1.847295869234802,189.155120736,35.0,12.0,0.0,8.0,1.0,0.0,42.04,53.8822,1.093,3.03283515410573,-30.3675157989933,219.935026875657,-1.55024302251292,-2.60114386279209,-3.41676677091254,14.4625874601951,5.78023994330264,2.0,11.2417776746782,-2.70894330762956,-0.809005034297666,-10.4465145805968,0,11.2417776746782,11.2417776746782,1.0,11.2417776746782,0.0285714285714285,0.0285714285714285,0.0,0.0,0.0,2.0,1.0,8.0,0.0,10.0,1.0,0.0,0.0,0.0,0.0,0.0,1.0,1.0
19031-93-7,CCCN(CCS)CCS,-0.4120041691410336,-1.7809601992689088,179.080241544,27.0,10.0,0.0,6.0,1.0,0.0,80.84,52.6525,1.811,2.25638596148317,13.6361142878039,237.384128700393,-1.52531887291972,-1.6296451515004,-4.94022870382822,9.82125727361888,4.74591832685996,1.0,10.177936,2.25337254318285,2.06519400893233,-10.4523538966728,0,10.177936,10.177936,2.0,20.355872,0.037037037037037,0.074074074074074,0.0,0.0,0.0,1.0,1.0,6.0,0.0,7.0,1.0,0.0,0.0,0.0,0.0,0.0,2.0,2.0
91016-54-5,CC(CS)CN1CCCC1,-0.508850347540429,-1.7952967732226333,159.108170544,27.0,10.0,1.0,3.0,1.0,0.0,42.04,44.7969,1.204,1.71124638893662,29.716958361696,231.805920791769,-1.01431629424751,-1.25540563736423,-3.42457881865121,7.97159299331126,4.45104216038126,2.0,10.3550185125115,-3.14377818762475,-1.24425354461406,-10.464760299086,1,10.3550185125115,10.3550185125115,1.0,10.3550185125115,0.037037037037037,0.037037037037037,1.0,1.0,0.037037037037037,1.0,1.0,6.0,0.0,8.0,1.0,0.0,1.0,0.0,0.0,0.0,1.0,1.0
